mod,ebn0_db,ber_sim,ber_teo,razon
qpsk,0.0,0.0847,0.07864960352514258,1.0769285057225144
qpsk,2.0,0.0397625,0.037506128358925986,1.060160078893801
qpsk,4.0,0.01329375,0.012500818040737553,1.0634304056485302
qpsk,6.0,0.00266875,0.002388290780932807,1.1174309348368596
qpsk,8.0,0.00024375,0.00019090777407599314,1.2767945212276812
qpsk,10.0,6.25e-06,3.872108215522035e-06,1.6141077811166957
16qam,0.0,0.186275,0.1391600135710116,1.3385669864493526
16qam,2.0,0.11254375,0.09755935237670886,1.1535926311342395
16qam,4.0,0.06283125,0.05861845741925091,1.0718680218863208
16qam,6.0,0.02988125,0.027871306319660706,1.0721151587689115
16qam,8.0,0.01015,0.009247213737517426,1.097627922108021
16qam,10.0,0.0020578125,0.0017541506178927247,1.1731104951934326
16qam,12.0,0.00021015625,0.00013865868881261898,1.5156370783514448
