escenario,eq,etiqueta,mod,ebn0_db,ber,ser,ber_errors,ber_bits,ber_ci_lo,ber_ci_hi,mse,evm_pct,eq_mse_db,eq_conv,corr_sync,n_frames,t_s
A,none,Sin ecualizar,qpsk,0.0,0.0847,0.1625125,13552,160000,0.08333566972506654,0.08606433027493346,0.528869188253836,72.72263075627303,-2.4084324269812623,0.0,0.7966777819489523,4,1.15
A,none,Sin ecualizar,qpsk,2.0,0.0397625,0.0780375,6362,160000,0.0388050364441996,0.0407199635558004,0.3257916598323994,57.077744545563505,-4.563863261328867,0.0,0.8604951259797397,4,3.56
A,none,Sin ecualizar,qpsk,4.0,0.01329375,0.0264125,2127,160000,0.012732555025570783,0.013854944974429217,0.20400950012777902,45.16704097873404,-6.5654506038593325,0.0,0.9049937725082955,4,4.42
A,none,Sin ecualizar,qpsk,6.0,0.00266875,0.0053375,427,160000,0.0024159542665703505,0.0029215457334296497,0.12828087464310714,35.81604346619992,-8.522309126060117,0.0,0.9361512053528231,4,4.49
A,none,Sin ecualizar,qpsk,8.0,0.00024375,0.0004875,78,320000,0.00018966205786702836,0.0002978379421329716,0.08131519109212795,28.51557897521131,-9.907848748839317,0.0,0.9506739969555452,8,9.2
A,none,Sin ecualizar,qpsk,10.0,6.25e-06,1.25e-05,2,320000,0.0,1.4912031000561444e-05,0.05128855831987206,22.646807527234913,-11.759963979116964,0.0,0.9663414521263524,8,9.59
A,none,Sin ecualizar,qpsk,12.0,0.0,0.0,0,640000,0.0,2.45e-09,0.03237655386872648,17.993359506870462,-14.027094279366949,0.0,0.9801407899575023,16,19.48
A,none,Sin ecualizar,16qam,0.0,0.186275,0.56145,59608,320000,0.18492604582152622,0.18762395417847377,0.7566564659281136,78.98018037511488,-5.876735426502508,0.0,0.891324485506644,4,4.86
A,none,Sin ecualizar,16qam,2.0,0.11254375,0.40245,36014,320000,0.11144874715055031,0.11363875284944969,0.18659512695518465,43.15635417161086,-7.875261746909611,0.0,0.9271551494822895,4,4.85
A,none,Sin ecualizar,16qam,4.0,0.06283125,0.236425,20106,320000,0.061990478791108215,0.0636720212088918,0.10422873085610015,32.28397907129586,-9.896747239683606,0.0,0.95234063880572,4,4.76
A,none,Sin ecualizar,16qam,6.0,0.02988125,0.11575,9562,320000,0.029291330282931873,0.03047116971706813,0.06467257010906534,25.430398529431816,-11.88195635815011,0.0,0.9690120636551648,4,4.74
A,none,Sin ecualizar,16qam,8.0,0.01015,0.04003125,6496,640000,0.009904425199900823,0.010395574800099176,0.04090627785746148,20.225117535287982,-13.388146676273909,0.0,0.9774004632645732,8,9.68
A,none,Sin ecualizar,16qam,10.0,0.0020578125,0.0081875,1317,640000,0.001946787271375789,0.002168837728624211,0.025841081661387728,16.075021654242725,-15.633384209069586,0.0,0.9865718695103711,8,9.68
A,none,Sin ecualizar,16qam,12.0,0.00021015625,0.000840625,269,1280000,0.0001850445218006666,0.0002352679781993334,0.01638889883211163,12.801818271849449,-17.550651750870024,0.0,0.9912964630164501,16,19.33
