metodo,parametro,valor,ber,mse_residual_db,conv_a_-6dB
lms,mu,0.02,0.00215,-5.720465878351776,135
lms,mu,0.05,0.003575,-5.414504319018675,119
lms,mu,0.1,0.0002,-9.86961688745305,67
lms,mu,0.2,7.5e-05,-11.620179689413243,61
lms,mu,0.5,2.5e-05,-12.148490943573671,34
lms,mu,1.0,0.0001,-11.861428365361641,57
rls,lambda,0.95,0.00045,-10.483137576742791,41
rls,lambda,0.98,7.5e-05,-11.863087999017692,41
rls,lambda,0.99,5e-05,-12.259674256205088,41
rls,lambda,0.995,2.5e-05,-12.416701963042252,41
rls,lambda,0.999,0.0,-11.478844686418292,41
rls,lambda,1.0,0.0,-6.086755825568182,41
