perfil,tau_rms_T,eq,ebn0_db,ber,evm_pct,eq_mse_db
flat,0.0,none,14.0,0.0,14.293171331856675,-16.448886334332993
flat,0.0,lms,14.0,0.0,14.776132497205523,-16.320735933358787
flat,0.0,rls,14.0,0.0,14.501775949279056,-12.089675341055385
mild,0.2639516758405746,none,14.0,0.0,20.07356873247984,-13.484823571238735
mild,0.2639516758405746,lms,14.0,0.0,14.222925374594263,-16.853632398056583
mild,0.2639516758405746,rls,14.0,0.0,13.860496427056248,-14.253609813517123
moderate,0.6215805648302872,none,14.0,0.0597,63.61420555549315,-3.928637632085073
moderate,0.6215805648302872,lms,14.0,2.5e-05,24.796430124164953,-12.135011100051358
moderate,0.6215805648302872,rls,14.0,0.0,23.63601421808544,-11.120100138903345
severe,1.1446883404049706,none,14.0,0.34329166666666666,356.7359868774259,0.6590718813722112
severe,1.1446883404049706,lms,14.0,1.6666666666666667e-05,19.73258876420172,-14.022316944147954
severe,1.1446883404049706,rls,14.0,1.6666666666666667e-05,18.975502450060365,-12.393656758770101
