cfo_frac_rs,cfo_hz,eq,ber,corr_sync
0.0,0.0,none,0.0597,0.843730030310462
0.0,0.0,rls,0.0,0.843730030310462
0.001,125.0,none,0.060833333333333336,0.8400317331965622
0.001,125.0,rls,0.0,0.8400317331965622
0.002,250.0,none,0.05934166666666667,0.8360651074370485
0.002,250.0,rls,0.0,0.8360651074370485
0.004,500.0,none,0.05934166666666667,0.8402929639255742
0.004,500.0,rls,1.6666666666666667e-05,0.8402929639255742
0.006,750.0,none,0.059975,0.8404098873845648
0.006,750.0,rls,8.333333333333334e-06,0.8404098873845648
0.008,1000.0,none,0.5003166666666666,0.11340807419861702
0.008,1000.0,rls,0.5013083333333334,0.11340807419861702
0.01,1250.0,none,0.50255,0.10578548099939906
0.01,1250.0,rls,0.50185,0.10578548099939906
0.012,1500.0,none,0.5028166666666667,0.10657172622979018
0.012,1500.0,rls,0.5025833333333334,0.10657172622979018
