variable,valor,eq,ber,eq_mse_db
n_taps,5,lms,0.000125,-11.585219875753292
n_taps,5,rls,0.0001,-10.198468860495232
n_taps,9,lms,3.75e-05,-12.064914536007421
n_taps,9,rls,0.0,-10.586941703399198
n_taps,13,lms,1.25e-05,-12.297219870117672
n_taps,13,rls,0.0,-10.794240663038842
n_taps,17,lms,2.5e-05,-12.242617668788059
n_taps,17,rls,0.0,-10.843852465905861
n_taps,21,lms,1.25e-05,-12.12467562740959
n_taps,21,rls,0.0,-10.84277734297871
n_taps,25,lms,2.5e-05,-11.963445523384578
n_taps,25,rls,0.0,-10.82511743438947
n_taps,31,lms,3.75e-05,-11.724630223672712
n_taps,31,rls,0.0,-10.811576296091989
n_taps,41,lms,8.75e-05,-11.289886424678155
n_taps,41,rls,0.0,-10.78198296009392
n_train,64,lms,6.25e-05,-12.29274248666718
n_train,64,rls,0.0,-11.283925179845196
n_train,128,lms,6.25e-05,-11.584147102981323
n_train,128,rls,3.75e-05,-9.54074959131396
n_train,256,lms,3.75e-05,-11.921323821334251
n_train,256,rls,0.0,-9.304605233479823
n_train,512,lms,1.25e-05,-12.12467562740959
n_train,512,rls,0.0,-10.84277734297871
n_train,1024,lms,3.75e-05,-12.574463591899804
n_train,1024,rls,0.0,-12.776035519423674
