variable,valor,ber
fase_deg,0.0,0.0
fase_deg,30.0,0.0
fase_deg,60.0,8.333333333333334e-06
fase_deg,90.0,1.6666666666666667e-05
fase_deg,135.0,8.333333333333334e-06
fase_deg,180.0,8.333333333333334e-06
timing_muestras,0.0,0.0
timing_muestras,0.1,0.0
timing_muestras,0.25,0.0
timing_muestras,0.5,0.0
timing_muestras,0.75,0.0
timing_muestras,1.0,0.0
reloj_ppm,0.0,0.0
reloj_ppm,10.0,0.0
reloj_ppm,25.0,1.6666666666666667e-05
reloj_ppm,50.0,2.5e-05
reloj_ppm,100.0,8.333333333333334e-06
reloj_ppm,200.0,7.5e-05
