lazo,mod,escenario,ebn0_db,eq,bn_t,ber,corr_sync
temporizacion,16qam,A,10.0,none,0.002,0.0219375,0.8928154998641017
temporizacion,16qam,A,10.0,none,0.005,0.00673125,0.936385826489366
temporizacion,16qam,A,10.0,none,0.01,0.00256875,0.967504733273316
temporizacion,16qam,A,10.0,none,0.02,0.002040625,0.9864456347253239
temporizacion,16qam,A,10.0,none,0.05,0.002884375,0.9866937826266882
temporizacion,16qam,A,10.0,none,0.1,0.447296875,0.9849395340932077
temporizacion,qpsk,C,14.0,rls,0.002,1.25e-05,0.8212067199048508
temporizacion,qpsk,C,14.0,rls,0.005,0.0,0.8350349792632864
temporizacion,qpsk,C,14.0,rls,0.01,0.0,0.838965442958642
temporizacion,qpsk,C,14.0,rls,0.02,6.25e-06,0.8392411001235918
temporizacion,qpsk,C,14.0,rls,0.05,2.5e-05,0.8368962018238022
temporizacion,qpsk,C,14.0,rls,0.1,0.3291,0.8324103595659612
fase,qpsk,A,2.0,none,5e-05,0.04316875,0.8604951259797397
fase,qpsk,A,2.0,none,0.0001,0.03975625,0.8604951259797397
fase,qpsk,A,2.0,none,0.0002,0.0396,0.8604951259797397
fase,qpsk,A,2.0,none,0.0005,0.0397625,0.8604951259797397
fase,qpsk,A,2.0,none,0.001,0.04045625,0.8604951259797397
fase,qpsk,A,2.0,none,0.002,0.0417,0.8604951259797397
fase,qpsk,A,2.0,none,0.005,0.33275625,0.8604951259797397
fase,qpsk,C,6.0,rls,5e-05,0.190375,0.7770074250500345
fase,qpsk,C,6.0,rls,0.0001,0.0448625,0.7770074250500345
fase,qpsk,C,6.0,rls,0.0002,0.04233125,0.7770074250500345
fase,qpsk,C,6.0,rls,0.0005,0.04145625,0.7770074250500345
fase,qpsk,C,6.0,rls,0.001,0.04205625,0.7770074250500345
fase,qpsk,C,6.0,rls,0.002,0.042775,0.7770074250500345
fase,qpsk,C,6.0,rls,0.005,0.429975,0.7770074250500345
