fd_frac_rs,fd_hz,lam,ber,eq_mse_db
0.0,0.0,0.99,0.031091666666666667,-12.29030253423169
0.0,0.0,0.999,0.02125,-8.9422817332469
0.0,0.0,0.9999,0.020866666666666665,-7.005692959455122
5e-05,6.25,0.99,0.004791666666666666,-11.631835399792473
5e-05,6.25,0.999,0.16630833333333334,-7.977560727107645
5e-05,6.25,0.9999,0.25206666666666666,-4.679920418778661
0.0002,25.0,0.99,0.14814166666666667,-11.269289705218396
0.0002,25.0,0.999,0.4221,-6.186488109833699
0.0002,25.0,0.9999,0.4005666666666667,-4.909262593488704
0.001,125.0,0.99,0.48944166666666666,-4.516047605783057
0.001,125.0,0.999,0.49354166666666666,-4.668694949703321
0.001,125.0,0.9999,0.4854583333333333,-4.612756779893005
0.005,625.0,0.99,0.49795,-3.874022369316084
0.005,625.0,0.999,0.5018666666666667,-4.2828364452020695
0.005,625.0,0.9999,0.5013333333333333,-4.148532393915641
