alfa,h,tau_rms_T,sir_teo_db,sir_med_db,D_teo,D_med,ojo_peor_teo,ojo_peor_med,energia_util,residuo_db,evm_sin_eq_pct,enganche,ebn0_db,ber_sin_eq,err_sin_eq,ber_lms,err_lms,evm_lms_pct,bits
0.0,"0, 0, 1, 0, 0",0.0,inf,40.02768870672152,0.0,0.026774076180144112,1.0,0.940139422197688,1.0000000000000004,-40.04749335211457,1.4065588009018588,True,12.0,0.0,0,0.0,0,18.602964091936133,40000
0.1,"0, 0.02, 1, 0, 0.08",0.1602270392853675,21.657410345999054,21.45872443313257,0.10035049595033474,0.12699907195887572,0.8996495040496653,0.8415678777078398,1.0000593442190533,-39.91586779787662,8.508907067696695,True,12.0,0.0,0,0.0,0,18.690029030520662,40000
0.2,"0, 0.04, 1, 0, 0.16",0.3145067721977567,15.647184498576127,15.550406708856848,0.20028920691174862,0.2279556821909688,0.7997107930882514,0.7392428939622234,1.0001076341838413,-39.475692186344624,16.713279458018917,True,12.0,0.0,0,0.0,0,19.065284244914537,40000
0.3,"0, 0.06, 1, 0, 0.24",0.4576523013999407,12.128911486979828,12.0601173445103,0.30022471282681884,0.3286556172331312,0.6997752871731812,0.6357432792014426,1.0001437049143551,-38.895984138682095,24.955979571225253,True,12.0,7.5e-05,3,0.0,0,19.692400083556656,40000
0.4,"0, 0.08, 1, 0, 0.32",0.5858017160464435,9.631982719772763,9.575809075669655,0.4001570138497229,0.4290888187779717,0.5998429861502771,0.532368135053634,1.0001673531963904,-38.202538170600434,33.21039788858566,True,12.0,0.0003,12,0.0,0,20.57873898522801,40000
0.5,"0, 0.1, 1, 0, 0.4",0.6966729528996525,7.694945824966725,7.6456319745523444,0.500086110134627,0.5312153334025459,0.499913889865373,0.42677831112589276,1.0001792705476706,-37.6223563233477,41.47173648767217,True,12.0,0.001825,73,0.0,0,21.743324585100808,40000
0.6,"0, 0.12, 1, 0, 0.48",0.7895097082350793,6.112142936125673,6.066862589247219,0.6000120018356885,0.6336076230915164,0.3999879981643115,0.3191647996703508,1.0001807965978173,-37.02957745377019,49.73870865992325,True,12.0,0.00745,298,0.0,0,23.226662663662804,40000
0.7,"0, 0.14, 1, 0, 0.56",0.8648072217709851,4.773834115229585,4.730992173776222,0.6999346891070546,0.7369648416905416,0.3000653108929454,0.2123735861923218,1.000173633675911,-36.491085430763206,58.01078133099588,True,12.0,0.024,960,2.5e-05,1,25.115262884990607,40000
0.8,"0, 0.16, 1, 0, 0.64",0.9239382234327959,3.6145002286154826,3.5731196132459426,0.799854172102863,0.8406293330687715,0.20014582789713697,0.1065023367871336,1.000159590981089,-35.99171495812178,66.28761740079699,True,12.0,0.120675,4827,0.000175,7,27.552780285982802,40000
0.9,"0, 0.18, 1, 0, 0.72",0.9687816490906145,2.5918735501152383,2.551329945490901,0.8997704509772405,0.9444302800084718,0.1002295490227596,0.001197627489845414,1.0001403954623191,-35.53501564330995,74.56889419741832,True,12.0,0.17355,6942,0.00055,22,30.696993202393003,40000
1.0,"0, 0.2, 1, 0, 0.8",1.001416230705385,1.6770906095505311,1.6369784361965125,0.9996835258843051,1.0483180542712527,0.00031647411569490913,-0.1053722303106206,1.0001175769865733,-35.113638917100765,82.85426664720896,True,12.0,0.196675,7867,0.001575,63,34.492081819701355,40000
1.1,"0, 0.22, 1, 0, 0.88",1.0239015616334706,0.8495623939535341,0.8096198152976435,1.0995933969781642,1.1522565743721294,-0.09959339697816438,-0.2110198189890622,1.0000924166883338,-34.72305938732123,91.14336571362296,True,12.0,0.22135,8854,0.003725,149,38.440434804116435,40000
1.2,"0, 0.24, 1, 0, 0.96",1.0381424656905982,0.09408562537466184,0.05414911797562533,1.1995000644129155,1.2562563910439974,-0.19950006441291546,-0.31588174714527556,1.0000659401218261,-34.366559094855134,99.43580772885726,True,12.0,0.243275,9731,0.00665,266,41.644289287538534,40000
1.3,"0, 0.26, 1, 0, 1.04",1.0458196369704742,0.05607706664405686,0.0674302385700984,1.2114465408639925,1.2627433167054916,-0.2114465408639925,-0.2838386722862041,1.0000389372726188,-34.341895888600604,99.40112957552363,True,12.0,0.241125,9645,0.0089,356,43.72385199784683,40000
1.4,"0, 0.28, 1, 0, 1.12",1.0483666418647848,0.6560528080097007,0.666295832758894,1.1427616411890857,1.1936772242031657,-0.14276164118908574,-0.21452550619402994,1.0000119954694275,-34.696714969029166,92.76999065066485,True,12.0,0.222925,8917,0.008725,349,42.98811320422497,40000
1.5,"0, 0.3, 1, 0, 1.2",1.0469758128684956,1.2088757963721775,1.2179773039045396,1.0832334252605733,1.133763636929911,-0.08323342526057331,-0.15443522121276873,0.9999855358985857,-34.98134700503998,87.05370318599076,True,12.0,0.20695,8278,0.006675,267,41.13680571114542,40000
