canal,h,eq,ebn0_db,esn0_db,ber,ber_errors,ber_bits,evm_pct,snr_efectiva_db,n_frames,limite_lineal_db
ideal,1,none,0.0,3.010299956639812,0.083925,3357,40000,72.35904990655872,2.810142883521352,1,3.010299956639812
ideal,1,none,2.0,5.0102999566398125,0.039075,1563,40000,56.92459522987243,4.894000976244211,1,5.0102999566398125
ideal,1,none,4.0,7.0102999566398125,0.012975,519,40000,45.05986275056083,6.924202708863757,1,7.0102999566398125
ideal,1,none,6.0,9.010299956639813,0.002475,99,40000,35.738132871454006,8.93736281657747,1,9.010299956639813
ideal,1,none,8.0,11.010299956639813,0.0002,16,80000,28.459978660881493,10.915308597659351,2,11.010299956639813
ideal,1,none,10.0,13.010299956639813,0.0,0,80000,22.607845241586247,12.914816567584747,2,13.010299956639813
ideal,1,none,12.0,15.010299956639813,0.0,0,160000,17.9208227718852,14.932841102086343,4,15.010299956639813
ideal,1,none,14.0,17.010299956639813,0.0,0,160000,14.252723476840812,16.922042814232576,4,17.010299956639813
ideal,1,none,16.0,19.010299956639813,0.0,0,320000,11.370690410345054,18.88426329674667,8,19.010299956639813
ideal,1,lms,0.0,3.010299956639812,0.110425,4417,40000,81.28116807703849,1.8002012769493902,1,3.010299956639812
ideal,1,lms,2.0,5.0102999566398125,0.05045,2018,40000,60.90870144607996,4.306413188370376,1,5.0102999566398125
ideal,1,lms,4.0,7.0102999566398125,0.01675,670,40000,47.201741408434,6.520839573876421,1,7.0102999566398125
ideal,1,lms,6.0,9.010299956639813,0.00315,126,40000,37.07336834973214,8.618759075607844,1,9.010299956639813
ideal,1,lms,8.0,11.010299956639813,0.00035,28,80000,29.457390990597826,10.616114415694561,2,11.010299956639813
ideal,1,lms,10.0,13.010299956639813,1.25e-05,1,80000,23.355499741476343,12.63221671212378,2,13.010299956639813
ideal,1,lms,12.0,15.010299956639813,0.0,0,160000,18.49298320130427,14.659860496816375,4,15.010299956639813
ideal,1,lms,14.0,17.010299956639813,0.0,0,160000,14.688605476638571,16.66038867582049,4,17.010299956639813
ideal,1,lms,16.0,19.010299956639813,0.0,0,320000,11.696324872862755,18.63901154826438,8,19.010299956639813
h,"0.15, 0.48, 1, -0.33, -0.24",none,0.0,3.010299956639812,0.26335,10534,40000,166.82284842268007,-4.445110645977451,1,4.401424679264542
h,"0.15, 0.48, 1, -0.33, -0.24",none,2.0,5.0102999566398125,0.143,5720,40000,93.0142372370893,0.62901142026137,1,5.707465225849157
h,"0.15, 0.48, 1, -0.33, -0.24",none,4.0,7.0102999566398125,0.117625,4705,40000,82.90858562381406,1.628009872474212,1,7.189604925809636
h,"0.15, 0.48, 1, -0.33, -0.24",none,6.0,9.010299956639813,0.099675,3987,40000,76.11067465129472,2.3710885683890797,1,8.818473629985432
h,"0.15, 0.48, 1, -0.33, -0.24",none,8.0,11.010299956639813,0.0862875,6903,80000,71.35304422434629,2.931749866086367,2,10.561636815694776
h,"0.15, 0.48, 1, -0.33, -0.24",none,10.0,13.010299956639813,0.0781375,6251,80000,68.36320879287092,3.303551216178789,2,12.388792727208102
h,"0.15, 0.48, 1, -0.33, -0.24",none,12.0,15.010299956639813,0.073475,11756,160000,66.61492855902975,3.528568670562837,4,14.274874625788186
h,"0.15, 0.48, 1, -0.33, -0.24",none,14.0,17.010299956639813,0.070825,11332,160000,65.35147019900845,3.6948927547415717,4,16.200894644456344
h,"0.15, 0.48, 1, -0.33, -0.24",none,16.0,19.010299956639813,0.069328125,22185,320000,64.50000938098262,3.808804444005129,8,18.15333246423857
h,"0.15, 0.48, 1, -0.33, -0.24",lms,0.0,3.010299956639812,0.260225,10409,40000,176.10170765397098,-4.9152713466142295,1,4.401424679264542
h,"0.15, 0.48, 1, -0.33, -0.24",lms,2.0,5.0102999566398125,0.070625,2825,40000,67.42255408171778,3.423895993706321,1,5.707465225849157
h,"0.15, 0.48, 1, -0.33, -0.24",lms,4.0,7.0102999566398125,0.027175,1087,40000,51.947722534885465,5.688669756058404,1,7.189604925809636
h,"0.15, 0.48, 1, -0.33, -0.24",lms,6.0,9.010299956639813,0.007325,293,40000,40.99544252035249,7.7452884257405845,1,8.818473629985432
h,"0.15, 0.48, 1, -0.33, -0.24",lms,8.0,11.010299956639813,0.0012625,101,80000,32.58013926442096,9.740941272471439,2,10.561636815694776
h,"0.15, 0.48, 1, -0.33, -0.24",lms,10.0,13.010299956639813,2.5e-05,2,80000,25.906064276169477,11.731971225403846,2,12.388792727208102
h,"0.15, 0.48, 1, -0.33, -0.24",lms,12.0,15.010299956639813,0.0,0,160000,20.609603321985297,13.718607342223386,4,14.274874625788186
h,"0.15, 0.48, 1, -0.33, -0.24",lms,14.0,17.010299956639813,0.0,0,160000,16.398766626062482,15.70377629226321,4,16.200894644456344
h,"0.15, 0.48, 1, -0.33, -0.24",lms,16.0,19.010299956639813,0.0,0,320000,13.082888937116703,17.665926907828954,8,18.15333246423857
